Workbook

Sheet transactions_raw
A1: transaction_id | B1: transaction_date_clean | C1: transaction_date | D1: account_manager | E1: merchant_name_clean | F1: merchant_name | G1: merchant_id | H1: merchant_category | I1: default_region | J1: high_value_flag | K1: raw_amount_clean | L1: raw_amount | M1: currency | N1: status_clean | O1: status | P1: high_risk_flag | Q1: risk_score_clean | R1: risk_score | S1: gateway_region_clean | T1: gateway_region | U1: user_id | V1: payment_method
A2: T001 | B2: =TEXT(C2,"dd-mm-yyyy") -> 01-03-2026 | C2: 46082 | D2: =VLOOKUP(E2,merchant_master!$B$2:$E$6,2,FALSE) -> Aisha Khan | E2: =PROPER(TRIM(F2)) -> Alpha Mart | F2: alpha mart | G2: {=INDEX(merchant_master!$A$2:$A$6,MATCH(E2,merchant_master!$B$2:$B$6,0))} -> M001 | H2: =VLOOKUP(E2,merchant_master!$B$2:$E$6,3,FALSE) -> Grocery | I2: =VLOOKUP(E2,merchant_master!$B$2:$E$6,4,FALSE) -> APAC | J2: =IF(OR(AND(S2="APAC",K2>5000),AND(S2="EU",K2>6000),AND(S2="US",K2>7000)),1,0) -> 0 | K2: =L2*VLOOKUP(M2,exchange_rates!$B$2:$C$4,2,FALSE) -> 4998 | L2: 420000 | M2: INR | N2: =PROPER(TRIM(O2)) -> Captured | O2: captured | P2: =IF(OR(Q2>=70,ISNUMBER(SEARCH("chargeback",N2))),1,0) -> 0 | Q2: =IF(TRIM(R2)="","INVALID_OR_MISSING",VALUE(SUBSTITUTE(SUBSTITUTE(SUBSTITUTE(R2,"score:",""),"risk-",""),"risk:",""))) -> 62 | R2: score:62 | S2: =IF(TRIM(T2)="","INVALID_OR_MISSING",UPPER(TRIM(T2))) -> APAC | T2: APAC | U2: U001 | V2: UPI
A3: T002 | B3: =TEXT(C3,"dd-mm-yyyy") -> 01-03-2026 | C3: 46082 | D3: =VLOOKUP(E3,merchant_master!$B$2:$E$6,2,FALSE) -> Aisha Khan | E3: =PROPER(TRIM(F3)) -> Alpha Mart | F3: ALPHA MART | G3: {=INDEX(merchant_master!$A$2:$A$6,MATCH(E3,merchant_master!$B$2:$B$6,0))} -> M001 | H3: =VLOOKUP(E3,merchant_master!$B$2:$E$6,3,FALSE) -> Grocery | I3: =VLOOKUP(E3,merchant_master!$B$2:$E$6,4,FALSE) -> APAC | J3: =IF(OR(AND(S3="APAC",K3>5000),AND(S3="EU",K3>6000),AND(S3="US",K3>7000)),1,0) -> 0 | K3: =L3*VLOOKUP(M3,exchange_rates!$B$2:$C$4,2,FALSE) -> 2499 | L3: 210000 | M3: INR | N3: =PROPER(TRIM(O3)) -> Captured | O3: Captured | P3: =IF(OR(Q3>=70,ISNUMBER(SEARCH("chargeback",N3))),1,0) -> 0 | Q3: =IF(TRIM(R3)="","INVALID_OR_MISSING",VALUE(SUBSTITUTE(SUBSTITUTE(SUBSTITUTE(R3,"score:",""),"risk-",""),"risk:",""))) -> 55 | R3: 55 | S3: =IF(TRIM(T3)="","INVALID_OR_MISSING",UPPER(TRIM(T3))) -> INVALID_OR_MISSING | U3: U002 | V3: Card
A4: T003 | B4: =TEXT(C4,"dd-mm-yyyy") -> 01-03-2026 | C4: 46082 | D4: =VLOOKUP(E4,merchant_master!$B$2:$E$6,2,FALSE) -> Rohan Mehta | E4: =PROPER(TRIM(F4)) -> Beta Stores | F4: BETA STORES | G4: {=INDEX(merchant_master!$A$2:$A$6,MATCH(E4,merchant_master!$B$2:$B$6,0))} -> M002 | H4: =VLOOKUP(E4,merchant_master!$B$2:$E$6,3,FALSE) -> Electronics | I4: =VLOOKUP(E4,merchant_master!$B$2:$E$6,4,FALSE) -> APAC | J4: =IF(OR(AND(S4="APAC",K4>5000),AND(S4="EU",K4>6000),AND(S4="US",K4>7000)),1,0) -> 1 | K4: =L4*VLOOKUP(M4,exchange_rates!$B$2:$C$4,2,FALSE) -> 6069 | L4: 510000 | M4: INR | N4: =PROPER(TRIM(O4)) -> Captured | O4: CAPTURED | P4: =IF(OR(Q4>=70,ISNUMBER(SEARCH("chargeback",N4))),1,0) -> 1 | Q4: =IF(TRIM(R4)="","INVALID_OR_MISSING",VALUE(SUBSTITUTE(SUBSTITUTE(SUBSTITUTE(R4,"score:",""),"risk-",""),"risk:",""))) -> 71 | R4: 71 | S4: =IF(TRIM(T4)="","INVALID_OR_MISSING",UPPER(TRIM(T4))) -> APAC | T4: APAC | U4: U003 | V4: NetBanking
A5: T004 | B5: =TEXT(C5,"dd-mm-yyyy") -> 02-03-2026 | C5: 46083 | D5: =VLOOKUP(E5,merchant_master!$B$2:$E$6,2,FALSE) -> Rohan Mehta | E5: =PROPER(TRIM(F5)) -> Beta Stores | F5: Beta Stores | G5: {=INDEX(merchant_master!$A$2:$A$6,MATCH(E5,merchant_master!$B$2:$B$6,0))} -> M002 | H5: =VLOOKUP(E5,merchant_master!$B$2:$E$6,3,FALSE) -> Electronics | I5: =VLOOKUP(E5,merchant_master!$B$2:$E$6,4,FALSE) -> APAC | J5: =IF(OR(AND(S5="APAC",K5>5000),AND(S5="EU",K5>6000),AND(S5="US",K5>7000)),1,0) -> 0 | K5: =L5*VLOOKUP(M5,exchange_rates!$B$2:$C$4,2,FALSE) -> 1904 | L5: 160000 | M5: INR | N5: =PROPER(TRIM(O5)) -> Failed E05 Timeout | O5: failed e05 timeout | P5: =IF(OR(Q5>=70,ISNUMBER(SEARCH("chargeback",N5))),1,0) -> 0 | Q5: =IF(TRIM(R5)="","INVALID_OR_MISSING",VALUE(SUBSTITUTE(SUBSTITUTE(SUBSTITUTE(R5,"score:",""),"risk-",""),"risk:",""))) -> 68 | R5: 68 | S5: =IF(TRIM(T5)="","INVALID_OR_MISSING",UPPER(TRIM(T5))) -> APAC | T5: apac | U5: U004 | V5: Card
A6: T005 | B6: =TEXT(C6,"dd-mm-yyyy") -> 02-03-2026 | C6: 46083 | D6: =VLOOKUP(E6,merchant_master!$B$2:$E$6,2,FALSE) -> Aisha Khan | E6: =PROPER(TRIM(F6)) -> Alpha Mart | F6: Alpha Mart | G6: {=INDEX(merchant_master!$A$2:$A$6,MATCH(E6,merchant_master!$B$2:$B$6,0))} -> M001 | H6: =VLOOKUP(E6,merchant_master!$B$2:$E$6,3,FALSE) -> Grocery | I6: =VLOOKUP(E6,merchant_master!$B$2:$E$6,4,FALSE) -> APAC | J6: =IF(OR(AND(S6="APAC",K6>5000),AND(S6="EU",K6>6000),AND(S6="US",K6>7000)),1,0) -> 0 | K6: =L6*VLOOKUP(M6,exchange_rates!$B$2:$C$4,2,FALSE) -> 4641 | L6: 390000 | M6: INR | N6: =PROPER(TRIM(O6)) -> Captured | O6: CAPTURED | P6: =IF(OR(Q6>=70,ISNUMBER(SEARCH("chargeback",N6))),1,0) -> 0 | Q6: =IF(TRIM(R6)="","INVALID_OR_MISSING",VALUE(SUBSTITUTE(SUBSTITUTE(SUBSTITUTE(R6,"score:",""),"risk-",""),"risk:",""))) -> 58 | R6: 58 | S6: =IF(TRIM(T6)="","INVALID_OR_MISSING",UPPER(TRIM(T6))) -> INVALID_OR_MISSING | U6: U001 | V6: UPI
A7: T006 | B7: =TEXT(C7,"dd-mm-yyyy") -> 02-03-2026 | C7: 46083 | D7: =VLOOKUP(E7,merchant_master!$B$2:$E$6,2,FALSE) -> Rohan Mehta | E7: =PROPER(TRIM(F7)) -> Beta Stores | F7: Beta Stores | G7: {=INDEX(merchant_master!$A$2:$A$6,MATCH(E7,merchant_master!$B$2:$B$6,0))} -> M002 | H7: =VLOOKUP(E7,merchant_master!$B$2:$E$6,3,FALSE) -> Electronics | I7: =VLOOKUP(E7,merchant_master!$B$2:$E$6,4,FALSE) -> APAC | J7: =IF(OR(AND(S7="APAC",K7>5000),AND(S7="EU",K7>6000),AND(S7="US",K7>7000)),1,0) -> 0 | K7: =L7*VLOOKUP(M7,exchange_rates!$B$2:$C$4,2,FALSE) -> 3272.5 | L7: 275000 | M7: INR | N7: =PROPER(TRIM(O7)) -> Captured | O7: Captured | P7: =IF(OR(Q7>=70,ISNUMBER(SEARCH("chargeback",N7))),1,0) -> 0 | Q7: =IF(TRIM(R7)="","INVALID_OR_MISSING",VALUE(SUBSTITUTE(SUBSTITUTE(SUBSTITUTE(R7,"score:",""),"risk-",""),"risk:",""))) -> 64 | R7: score:64 | S7: =IF(TRIM(T7)="","INVALID_OR_MISSING",UPPER(TRIM(T7))) -> INVALID_OR_MISSING | U7: U005 | V7: Wallet
A8: T007 | B8: =TEXT(C8,"dd-mm-yyyy") -> 02-03-2026 | C8: 46083 | D8: =VLOOKUP(E8,merchant_master!$B$2:$E$6,2,FALSE) -> Aisha Khan | E8: =PROPER(TRIM(F8)) -> Alpha Mart | F8: Alpha Mart | G8: {=INDEX(merchant_master!$A$2:$A$6,MATCH(E8,merchant_master!$B$2:$B$6,0))} -> M001 | H8: =VLOOKUP(E8,merchant_master!$B$2:$E$6,3,FALSE) -> Grocery | I8: =VLOOKUP(E8,merchant_master!$B$2:$E$6,4,FALSE) -> APAC | J8: =IF(OR(AND(S8="APAC",K8>5000),AND(S8="EU",K8>6000),AND(S8="US",K8>7000)),1,0) -> 1 | K8: =L8*VLOOKUP(M8,exchange_rates!$B$2:$C$4,2,FALSE) -> 5355 | L8: 450000 | M8: INR | N8: =PROPER(TRIM(O8)) -> Chargeback | O8: chargeback | P8: =IF(OR(Q8>=70,ISNUMBER(SEARCH("chargeback",N8))),1,0) -> 1 | Q8: =IF(TRIM(R8)="","INVALID_OR_MISSING",VALUE(SUBSTITUTE(SUBSTITUTE(SUBSTITUTE(R8,"score:",""),"risk-",""),"risk:",""))) -> 83 | R8: risk-83 | S8: =IF(TRIM(T8)="","INVALID_OR_MISSING",UPPER(TRIM(T8))) -> APAC | T8: APAC | U8: U006 | V8: Card
A9: T008 | B9: =TEXT(C9,"dd-mm-yyyy") -> 03-03-2026 | C9: 46084 | D9: =VLOOKUP(E9,merchant_master!$B$2:$E$6,2,FALSE) -> Rohan Mehta | E9: =PROPER(TRIM(F9)) -> Beta Stores | F9: BETA STORES | G9: {=INDEX(merchant_master!$A$2:$A$6,MATCH(E9,merchant_master!$B$2:$B$6,0))} -> M002 | H9: =VLOOKUP(E9,merchant_master!$B$2:$E$6,3,FALSE) -> Electronics | I9: =VLOOKUP(E9,merchant_master!$B$2:$E$6,4,FALSE) -> APAC | J9: =IF(OR(AND(S9="APAC",K9>5000),AND(S9="EU",K9>6000),AND(S9="US",K9>7000)),1,0) -> 0 | K9: =L9*VLOOKUP(M9,exchange_rates!$B$2:$C$4,2,FALSE) -> 4046 | L9: 340000 | M9: INR | N9: =PROPER(TRIM(O9)) -> Captured | O9: Captured | P9: =IF(OR(Q9>=70,ISNUMBER(SEARCH("chargeback",N9))),1,0) -> 0 | Q9: =IF(TRIM(R9)="","INVALID_OR_MISSING",VALUE(SUBSTITUTE(SUBSTITUTE(SUBSTITUTE(R9,"score:",""),"risk-",""),"risk:",""))) -> 59 | R9: 59 | S9: =IF(TRIM(T9)="","INVALID_OR_MISSING",UPPER(TRIM(T9))) -> INVALID_OR_MISSING | U9: U007 | V9: UPI
A10: T009 | B10: =TEXT(C10,"dd-mm-yyyy") -> 03-03-2026 | C10: 46084 | D10: =VLOOKUP(E10,merchant_master!$B$2:$E$6,2,FALSE) -> Aisha Khan | E10: =PROPER(TRIM(F10)) -> Alpha Mart | F10: Alpha Mart | G10: {=INDEX(merchant_master!$A$2:$A$6,MATCH(E10,merchant_master!$B$2:$B$6,0))} -> M001 | H10: =VLOOKUP(E10,merchant_master!$B$2:$E$6,3,FALSE) -> Grocery | I10: =VLOOKUP(E10,merchant_master!$B$2:$E$6,4,FALSE) -> APAC | J10: =IF(OR(AND(S10="APAC",K10>5000),AND(S10="EU",K10>6000),AND(S10="US",K10>7000)),1,0) -> 0 | K10: =L10*VLOOKUP(M10,exchange_rates!$B$2:$C$4,2,FALSE) -> 1487.5 | L10: 125000 | M10: INR | N10: =PROPER(TRIM(O10)) -> Captured | O10: captured | P10: =IF(OR(Q10>=70,ISNUMBER(SEARCH("chargeback",N10))),1,0) -> 0 | Q10: =IF(TRIM(R10)="","INVALID_OR_MISSING",VALUE(SUBSTITUTE(SUBSTITUTE(SUBSTITUTE(R10,"score:",""),"risk-",""),"risk:",""))) -> 46 | R10: 46 | S10: =IF(TRIM(T10)="","INVALID_OR_MISSING",UPPER(TRIM(T10))) -> APAC | T10: APAC | U10: U002 | V10: Wallet
A11: T010 | B11: =TEXT(C11,"dd-mm-yyyy") -> 03-03-2026 | C11: 46084 | D11: =VLOOKUP(E11,merchant_master!$B$2:$E$6,2,FALSE) -> Rohan Mehta | E11: =PROPER(TRIM(F11)) -> Beta Stores | F11: Beta Stores | G11: {=INDEX(merchant_master!$A$2:$A$6,MATCH(E11,merchant_master!$B$2:$B$6,0))} -> M002 | H11: =VLOOKUP(E11,merchant_master!$B$2:$E$6,3,FALSE) -> Electronics | I11: =VLOOKUP(E11,merchant_master!$B$2:$E$6,4,FALSE) -> APAC | J11: =IF(OR(AND(S11="APAC",K11>5000),AND(S11="EU",K11>6000),AND(S11="US",K11>7000)),1,0) -> 0 | K11: =L11*VLOOKUP(M11,exchange_rates!$B$2:$C$4,2,FALSE) -> 7259 | L11: 610000 | M11: INR | N11: =PROPER(TRIM(O11)) -> Captured | O11: captured | P11: =IF(OR(Q11>=70,ISNUMBER(SEARCH("chargeback",N11))),1,0) -> 1 | Q11: =IF(TRIM(R11)="","INVALID_OR_MISSING",VALUE(SUBSTITUTE(SUBSTITUTE(SUBSTITUTE(R11,"score:",""),"risk-",""),"risk:",""))) -> 77 | R11: risk-77 | S11: =IF(TRIM(T11)="","INVALID_OR_MISSING",UPPER(TRIM(T11))) -> INVALID_OR_MISSING | U11: U003 | V11: Card
A12: T011 | B12: =TEXT(C12,"dd-mm-yyyy") -> 03-03-2026 | C12: 46084 | D12: =VLOOKUP(E12,merchant_master!$B$2:$E$6,2,FALSE) -> Aisha Khan | E12: =PROPER(TRIM(F12)) -> Alpha Mart | F12: Alpha Mart | G12: {=INDEX(merchant_master!$A$2:$A$6,MATCH(E12,merchant_master!$B$2:$B$6,0))} -> M001 | H12: =VLOOKUP(E12,merchant_master!$B$2:$E$6,3,FALSE) -> Grocery | I12: =VLOOKUP(E12,merchant_master!$B$2:$E$6,4,FALSE) -> APAC | J12: =IF(OR(AND(S12="APAC",K12>5000),AND(S12="EU",K12>6000),AND(S12="US",K12>7000)),1,0) -> 0 | K12: =L12*VLOOKUP(M12,exchange_rates!$B$2:$C$4,2,FALSE) -> 2320.5 | L12: 195000 | M12: INR | N12: =PROPER(TRIM(O12)) -> Failed E05 Timeout | O12: FAILED e05 TIMEOUT | P12: =IF(OR(Q12>=70,ISNUMBER(SEARCH("chargeback",N12))),1,0) -> 1 | Q12: =IF(TRIM(R12)="","INVALID_OR_MISSING",VALUE(SUBSTITUTE(SUBSTITUTE(SUBSTITUTE(R12,"score:",""),"risk-",""),"risk:",""))) -> INVALID_OR_MISSING | S12: =IF(TRIM(T12)="","INVALID_OR_MISSING",UPPER(TRIM(T12))) -> INVALID_OR_MISSING | U12: U008 | V12: UPI
A13: T012 | B13: =TEXT(C13,"dd-mm-yyyy") -> 04-03-2026 | C13: 46085 | D13: =VLOOKUP(E13,merchant_master!$B$2:$E$6,2,FALSE) -> Rohan Mehta | E13: =PROPER(TRIM(F13)) -> Beta Stores | F13: Beta Stores | G13: {=INDEX(merchant_master!$A$2:$A$6,MATCH(E13,merchant_master!$B$2:$B$6,0))} -> M002 | H13: =VLOOKUP(E13,merchant_master!$B$2:$E$6,3,FALSE) -> Electronics | I13: =VLOOKUP(E13,merchant_master!$B$2:$E$6,4,FALSE) -> APAC | J13: =IF(OR(AND(S13="APAC",K13>5000),AND(S13="EU",K13>6000),AND(S13="US",K13>7000)),1,0) -> 0 | K13: =L13*VLOOKUP(M13,exchange_rates!$B$2:$C$4,2,FALSE) -> 2975 | L13: 250000 | M13: INR | N13: =PROPER(TRIM(O13)) -> Captured | O13: captured | P13: =IF(OR(Q13>=70,ISNUMBER(SEARCH("chargeback",N13))),1,0) -> 0 | Q13: =IF(TRIM(R13)="","INVALID_OR_MISSING",VALUE(SUBSTITUTE(SUBSTITUTE(SUBSTITUTE(R13,"score:",""),"risk-",""),"risk:",""))) -> 61 | R13: risk-61 | S13: =IF(TRIM(T13)="","INVALID_OR_MISSING",UPPER(TRIM(T13))) -> APAC | T13: APAC | U13: U009 | V13: Card
A14: T013 | B14: =TEXT(C14,"dd-mm-yyyy") -> 04-03-2026 | C14: 46085 | D14: =VLOOKUP(E14,merchant_master!$B$2:$E$6,2,FALSE) -> Aisha Khan | E14: =PROPER(TRIM(F14)) -> Alpha Mart | F14: alpha mart | G14: {=INDEX(merchant_master!$A$2:$A$6,MATCH(E14,merchant_master!$B$2:$B$6,0))} -> M001 | H14: =VLOOKUP(E14,merchant_master!$B$2:$E$6,3,FALSE) -> Grocery | I14: =VLOOKUP(E14,merchant_master!$B$2:$E$6,4,FALSE) -> APAC | J14: =IF(OR(AND(S14="APAC",K14>5000),AND(S14="EU",K14>6000),AND(S14="US",K14>7000)),1,0) -> 0 | K14: =L14*VLOOKUP(M14,exchange_rates!$B$2:$C$4,2,FALSE) -> 3689 | L14: 310000 | M14: INR | N14: =PROPER(TRIM(O14)) -> Captured | O14: captured | P14: =IF(OR(Q14>=70,ISNUMBER(SEARCH("chargeback",N14))),1,0) -> 0 | Q14: =IF(TRIM(R14)="","INVALID_OR_MISSING",VALUE(SUBSTITUTE(SUBSTITUTE(SUBSTITUTE(R14,"score:",""),"risk-",""),"risk:",""))) -> 54 | R14: score:54 | S14: =IF(TRIM(T14)="","INVALID_OR_MISSING",UPPER(TRIM(T14))) -> APAC | T14: APAC | U14: U010 | V14: UPI
A15: T014 | B15: =TEXT(C15,"dd-mm-yyyy") -> 04-03-2026 | C15: 46085 | D15: =VLOOKUP(E15,merchant_master!$B$2:$E$6,2,FALSE) -> Rohan Mehta | E15: =PROPER(TRIM(F15)) -> Beta Stores | F15: Beta Stores | G15: {=INDEX(merchant_master!$A$2:$A$6,MATCH(E15,merchant_master!$B$2:$B$6,0))} -> M002 | H15: =VLOOKUP(E15,merchant_master!$B$2:$E$6,3,FALSE) -> Electronics | I15: =VLOOKUP(E15,merchant_master!$B$2:$E$6,4,FALSE) -> APAC | J15: =IF(OR(AND(S15="APAC",K15>5000),AND(S15="EU",K15>6000),AND(S15="US",K15>7000)),1,0) -> 1 | K15: =L15*VLOOKUP(M15,exchange_rates!$B$2:$C$4,2,FALSE) -> 5593 | L15: 470000 | M15: INR | N15: =PROPER(TRIM(O15)) -> Captured | O15: captured | P15: =IF(OR(Q15>=70,ISNUMBER(SEARCH("chargeback",N15))),1,0) -> 1 | Q15: =IF(TRIM(R15)="","INVALID_OR_MISSING",VALUE(SUBSTITUTE(SUBSTITUTE(SUBSTITUTE(R15,"score:",""),"risk-",""),"risk:",""))) -> 73 | R15: risk-73 | S15: =IF(TRIM(T15)="","INVALID_OR_MISSING",UPPER(TRIM(T15))) -> APAC | T15: APAC | U15: U001 | V15: NetBanking
A16: T015 | B16: =TEXT(C16,"dd-mm-yyyy") -> 04-03-2026 | C16: 46085 | D16: =VLOOKUP(E16,merchant_master!$B$2:$E$6,2,FALSE) -> Aisha Khan | E16: =PROPER(TRIM(F16)) -> Alpha Mart | F16: Alpha Mart | G16: {=INDEX(merchant_master!$A$2:$A$6,MATCH(E16,merchant_master!$B$2:$B$6,0))} -> M001 | H16: =VLOOKUP(E16,merchant_master!$B$2:$E$6,3,FALSE) -> Grocery | I16: =VLOOKUP(E16,merchant_master!$B$2:$E$6,4,FALSE) -> APAC | J16: =IF(OR(AND(S16="APAC",K16>5000),AND(S16="EU",K16>6000),AND(S16="US",K16>7000)),1,0) -> 0 | K16: =L16*VLOOKUP(M16,exchange_rates!$B$2:$C$4,2,FALSE) -> 1547 | L16: 130000 | M16: INR | N16: =PROPER(TRIM(O16)) -> Captured | O16: captured | P16: =IF(OR(Q16>=70,ISNUMBER(SEARCH("chargeback",N16))),1,0) -> 0 | Q16: =IF(TRIM(R16)="","INVALID_OR_MISSING",VALUE(SUBSTITUTE(SUBSTITUTE(SUBSTITUTE(R16,"score:",""),"risk-",""),"risk:",""))) -> 52 | R16: score:52 | S16: =IF(TRIM(T16)="","INVALID_OR_MISSING",UPPER(TRIM(T16))) -> INVALID_OR_MISSING | U16: U002 | V16: Card
A17: T016 | B17: =TEXT(C17,"dd-mm-yyyy") -> 05-03-2026 | C17: 46086 | D17: =VLOOKUP(E17,merchant_master!$B$2:$E$6,2,FALSE) -> Rohan Mehta | E17: =PROPER(TRIM(F17)) -> Beta Stores | F17: Beta Stores | G17: {=INDEX(merchant_master!$A$2:$A$6,MATCH(E17,merchant_master!$B$2:$B$6,0))} -> M002 | H17: =VLOOKUP(E17,merchant_master!$B$2:$E$6,3,FALSE) -> Electronics | I17: =VLOOKUP(E17,merchant_master!$B$2:$E$6,4,FALSE) -> APAC | J17: =IF(OR(AND(S17="APAC",K17>5000),AND(S17="EU",K17>6000),AND(S17="US",K17>7000)),1,0) -> 0 | K17: =L17*VLOOKUP(M17,exchange_rates!$B$2:$C$4,2,FALSE) -> 2618 | L17: 220000 | M17: INR | N17: =PROPER(TRIM(O17)) -> Failed E05 Timeout | O17: failed E05 timeout | P17: =IF(OR(Q17>=70,ISNUMBER(SEARCH("chargeback",N17))),1,0) -> 0 | Q17: =IF(TRIM(R17)="","INVALID_OR_MISSING",VALUE(SUBSTITUTE(SUBSTITUTE(SUBSTITUTE(R17,"score:",""),"risk-",""),"risk:",""))) -> 69 | R17: risk-69 | S17: =IF(TRIM(T17)="","INVALID_OR_MISSING",UPPER(TRIM(T17))) -> INVALID_OR_MISSING | U17: U008 | V17: Card
A18: T017 | B18: =TEXT(C18,"dd-mm-yyyy") -> 05-03-2026 | C18: 46086 | D18: =VLOOKUP(E18,merchant_master!$B$2:$E$6,2,FALSE) -> Rohan Mehta | E18: =PROPER(TRIM(F18)) -> Beta Stores | F18: Beta Stores | G18: {=INDEX(merchant_master!$A$2:$A$6,MATCH(E18,merchant_master!$B$2:$B$6,0))} -> M002 | H18: =VLOOKUP(E18,merchant_master!$B$2:$E$6,3,FALSE) -> Electronics | I18: =VLOOKUP(E18,merchant_master!$B$2:$E$6,4,FALSE) -> APAC | J18: =IF(OR(AND(S18="APAC",K18>5000),AND(S18="EU",K18>6000),AND(S18="US",K18>7000)),1,0) -> 0 | K18: =L18*VLOOKUP(M18,exchange_rates!$B$2:$C$4,2,FALSE) -> 2142 | L18: 180000 | M18: INR | N18: =PROPER(TRIM(O18)) -> Failed E05 Timeout | O18: Failed E05 Timeout | P18: =IF(OR(Q18>=70,ISNUMBER(SEARCH("chargeback",N18))),1,0) -> 1 | Q18: =IF(TRIM(R18)="","INVALID_OR_MISSING",VALUE(SUBSTITUTE(SUBSTITUTE(SUBSTITUTE(R18,"score:",""),"risk-",""),"risk:",""))) -> 72 | R18: score:72 | S18: =IF(TRIM(T18)="","INVALID_OR_MISSING",UPPER(TRIM(T18))) -> APAC | T18: apac | U18: U008 | V18: Card
A19: T018 | B19: =TEXT(C19,"dd-mm-yyyy") -> 05-03-2026 | C19: 46086 | D19: =VLOOKUP(E19,merchant_master!$B$2:$E$6,2,FALSE) -> Rohan Mehta | E19: =PROPER(TRIM(F19)) -> Beta Stores | F19: BETA STORES | G19: {=INDEX(merchant_master!$A$2:$A$6,MATCH(E19,merchant_master!$B$2:$B$6,0))} -> M002 | H19: =VLOOKUP(E19,merchant_master!$B$2:$E$6,3,FALSE) -> Electronics | I19: =VLOOKUP(E19,merchant_master!$B$2:$E$6,4,FALSE) -> APAC | J19: =IF(OR(AND(S19="APAC",K19>5000),AND(S19="EU",K19>6000),AND(S19="US",K19>7000)),1,0) -> 0 | K19: =L19*VLOOKUP(M19,exchange_rates!$B$2:$C$4,2,FALSE) -> 1725.5 | L19: 145000 | M19: INR | N19: =PROPER(TRIM(O19)) -> Chargeback | O19: chargeback | P19: =IF(OR(Q19>=70,ISNUMBER(SEARCH("chargeback",N19))),1,0) -> 1 | Q19: =IF(TRIM(R19)="","INVALID_OR_MISSING",VALUE(SUBSTITUTE(SUBSTITUTE(SUBSTITUTE(R19,"score:",""),"risk-",""),"risk:",""))) -> 86 | R19: risk-86 | S19: =IF(TRIM(T19)="","INVALID_OR_MISSING",UPPER(TRIM(T19))) -> APAC | T19: APAC | U19: U008 | V19: UPI
A20: T019 | B20: =TEXT(C20,"dd-mm-yyyy") -> 05-03-2026 | C20: 46086 | D20: =VLOOKUP(E20,merchant_master!$B$2:$E$6,2,FALSE) -> Aisha Khan | E20: =PROPER(TRIM(F20)) -> Alpha Mart | F20: Alpha Mart | G20: {=INDEX(merchant_master!$A$2:$A$6,MATCH(E20,merchant_master!$B$2:$B$6,0))} -> M001 | H20: =VLOOKUP(E20,merchant_master!$B$2:$E$6,3,FALSE) -> Grocery | I20: =VLOOKUP(E20,merchant_master!$B$2:$E$6,4,FALSE) -> APAC | J20: =IF(OR(AND(S20="APAC",K20>5000),AND(S20="EU",K20>6000),AND(S20="US",K20>7000)),1,0) -> 0 | K20: =L20*VLOOKUP(M20,exchange_rates!$B$2:$C$4,2,FALSE) -> 3094 | L20: 260000 | M20: INR | N20: =PROPER(TRIM(O20)) -> Failed E05 Timeout | O20: Failed E05 Timeout | P20: =IF(OR(Q20>=70,ISNUMBER(SEARCH("chargeback",N20))),1,0) -> 0 | Q20: =IF(TRIM(R20)="","INVALID_OR_MISSING",VALUE(SUBSTITUTE(SUBSTITUTE(SUBSTITUTE(R20,"score:",""),"risk-",""),"risk:",""))) -> 67 | R20: score:67 | S20: =IF(TRIM(T20)="","INVALID_OR_MISSING",UPPER(TRIM(T20))) -> APAC | T20: apac | U20: U008 | V20: Wallet
A21: T020 | B21: =TEXT(C21,"dd-mm-yyyy") -> 05-03-2026 | C21: 46086 | D21: =VLOOKUP(E21,merchant_master!$B$2:$E$6,2,FALSE) -> Aisha Khan | E21: =PROPER(TRIM(F21)) -> Alpha Mart | F21: Alpha Mart | G21: {=INDEX(merchant_master!$A$2:$A$6,MATCH(E21,merchant_master!$B$2:$B$6,0))} -> M001 | H21: =VLOOKUP(E21,merchant_master!$B$2:$E$6,3,FALSE) -> Grocery | I21: =VLOOKUP(E21,merchant_master!$B$2:$E$6,4,FALSE) -> APAC | J21: =IF(OR(AND(S21="APAC",K21>5000),AND(S21="EU",K21>6000),AND(S21="US",K21>7000)),1,0) -> 1 | K21: =L21*VLOOKUP(M21,exchange_rates!$B$2:$C$4,2,FALSE) -> 6188 | L21: 520000 | M21: INR | N21: =PROPER(TRIM(O21)) -> Captured | O21: Captured | P21: =IF(OR(Q21>=70,ISNUMBER(SEARCH("chargeback",N21))),1,0) -> 1 | Q21: =IF(TRIM(R21)="","INVALID_OR_MISSING",VALUE(SUBSTITUTE(SUBSTITUTE(SUBSTITUTE(R21,"score:",""),"risk-",""),"risk:",""))) -> 75 | R21: 75 | S21: =IF(TRIM(T21)="","INVALID_OR_MISSING",UPPER(TRIM(T21))) -> APAC | T21: APAC | U21: U005 | V21: UPI
A22: T021 | B22: =TEXT(C22,"dd-mm-yyyy") -> 06-03-2026 | C22: 46087 | D22: =VLOOKUP(E22,merchant_master!$B$2:$E$6,2,FALSE) -> Rohan Mehta | E22: =PROPER(TRIM(F22)) -> Beta Stores | F22: beta stores | G22: {=INDEX(merchant_master!$A$2:$A$6,MATCH(E22,merchant_master!$B$2:$B$6,0))} -> M002 | H22: =VLOOKUP(E22,merchant_master!$B$2:$E$6,3,FALSE) -> Electronics | I22: =VLOOKUP(E22,merchant_master!$B$2:$E$6,4,FALSE) -> APAC | J22: =IF(OR(AND(S22="APAC",K22>5000),AND(S22="EU",K22>6000),AND(S22="US",K22>7000)),1,0) -> 0 | K22: =L22*VLOOKUP(M22,exchange_rates!$B$2:$C$4,2,FALSE) -> 3927 | L22: 330000 | M22: INR | N22: =PROPER(TRIM(O22)) -> Captured | O22: captured | P22: =IF(OR(Q22>=70,ISNUMBER(SEARCH("chargeback",N22))),1,0) -> 0 | Q22: =IF(TRIM(R22)="","INVALID_OR_MISSING",VALUE(SUBSTITUTE(SUBSTITUTE(SUBSTITUTE(R22,"score:",""),"risk-",""),"risk:",""))) -> 63 | R22: score:63 | S22: =IF(TRIM(T22)="","INVALID_OR_MISSING",UPPER(TRIM(T22))) -> INVALID_OR_MISSING | U22: U006 | V22: Card
A23: T022 | B23: =TEXT(C23,"dd-mm-yyyy") -> 06-03-2026 | C23: 46087 | D23: =VLOOKUP(E23,merchant_master!$B$2:$E$6,2,FALSE) -> Aisha Khan | E23: =PROPER(TRIM(F23)) -> Alpha Mart | F23: ALPHA MART | G23: {=INDEX(merchant_master!$A$2:$A$6,MATCH(E23,merchant_master!$B$2:$B$6,0))} -> M001 | H23: =VLOOKUP(E23,merchant_master!$B$2:$E$6,3,FALSE) -> Grocery | I23: =VLOOKUP(E23,merchant_master!$B$2:$E$6,4,FALSE) -> APAC | J23: =IF(OR(AND(S23="APAC",K23>5000),AND(S23="EU",K23>6000),AND(S23="US",K23>7000)),1,0) -> 0 | K23: =L23*VLOOKUP(M23,exchange_rates!$B$2:$C$4,2,FALSE) -> 4879 | L23: 410000 | M23: INR | N23: =PROPER(TRIM(O23)) -> Captured | O23: captured | P23: =IF(OR(Q23>=70,ISNUMBER(SEARCH("chargeback",N23))),1,0) -> 0 | Q23: =IF(TRIM(R23)="","INVALID_OR_MISSING",VALUE(SUBSTITUTE(SUBSTITUTE(SUBSTITUTE(R23,"score:",""),"risk-",""),"risk:",""))) -> 60 | R23: 60 | S23: =IF(TRIM(T23)="","INVALID_OR_MISSING",UPPER(TRIM(T23))) -> APAC | T23: APAC | U23: U007 | V23: UPI
A24: T023 | B24: =TEXT(C24,"dd-mm-yyyy") -> 01-03-2026 | C24: 46082 | D24: =VLOOKUP(E24,merchant_master!$B$2:$E$6,2,FALSE) -> Elena Rossi | E24: =PROPER(TRIM(F24)) -> City Pharma | F24: City Pharma | G24: {=INDEX(merchant_master!$A$2:$A$6,MATCH(E24,merchant_master!$B$2:$B$6,0))} -> M003 | H24: =VLOOKUP(E24,merchant_master!$B$2:$E$6,3,FALSE) -> Healthcare | I24: =VLOOKUP(E24,merchant_master!$B$2:$E$6,4,FALSE) -> EU | J24: =IF(OR(AND(S24="APAC",K24>5000),AND(S24="EU",K24>6000),AND(S24="US",K24>7000)),1,0) -> 0 | K24: =L24*VLOOKUP(M24,exchange_rates!$B$2:$C$4,2,FALSE) -> 5616 | L24: 5200 | M24: EUR | N24: =PROPER(TRIM(O24)) -> Captured | O24: Captured | P24: =IF(OR(Q24>=70,ISNUMBER(SEARCH("chargeback",N24))),1,0) -> 0 | Q24: =IF(TRIM(R24)="","INVALID_OR_MISSING",VALUE(SUBSTITUTE(SUBSTITUTE(SUBSTITUTE(R24,"score:",""),"risk-",""),"risk:",""))) -> 42 | R24: 42 | S24: =IF(TRIM(T24)="","INVALID_OR_MISSING",UPPER(TRIM(T24))) -> EU | T24: EU | U24: U003 | V24: Card
A25: T024 | B25: =TEXT(C25,"dd-mm-yyyy") -> 02-03-2026 | C25: 46083 | D25: =VLOOKUP(E25,merchant_master!$B$2:$E$6,2,FALSE) -> Nina Weber | E25: =PROPER(TRIM(F25)) -> Eco Home | F25: Eco Home | G25: {=INDEX(merchant_master!$A$2:$A$6,MATCH(E25,merchant_master!$B$2:$B$6,0))} -> M005 | H25: =VLOOKUP(E25,merchant_master!$B$2:$E$6,3,FALSE) -> Home | I25: =VLOOKUP(E25,merchant_master!$B$2:$E$6,4,FALSE) -> EU | J25: =IF(OR(AND(S25="APAC",K25>5000),AND(S25="EU",K25>6000),AND(S25="US",K25>7000)),1,0) -> 1 | K25: =L25*VLOOKUP(M25,exchange_rates!$B$2:$C$4,2,FALSE) -> 6588 | L25: 6100 | M25: EUR | N25: =PROPER(TRIM(O25)) -> Chargeback | O25: chargeback | P25: =IF(OR(Q25>=70,ISNUMBER(SEARCH("chargeback",N25))),1,0) -> 1 | Q25: =IF(TRIM(R25)="","INVALID_OR_MISSING",VALUE(SUBSTITUTE(SUBSTITUTE(SUBSTITUTE(R25,"score:",""),"risk-",""),"risk:",""))) -> 65 | R25: score:65 | S25: =IF(TRIM(T25)="","INVALID_OR_MISSING",UPPER(TRIM(T25))) -> EU | T25: EU | U25: U004 | V25: Card
A26: T025 | B26: =TEXT(C26,"dd-mm-yyyy") -> 03-03-2026 | C26: 46084 | D26: =VLOOKUP(E26,merchant_master!$B$2:$E$6,2,FALSE) -> Elena Rossi | E26: =PROPER(TRIM(F26)) -> City Pharma | F26: City Pharma | G26: {=INDEX(merchant_master!$A$2:$A$6,MATCH(E26,merchant_master!$B$2:$B$6,0))} -> M003 | H26: =VLOOKUP(E26,merchant_master!$B$2:$E$6,3,FALSE) -> Healthcare | I26: =VLOOKUP(E26,merchant_master!$B$2:$E$6,4,FALSE) -> EU | J26: =IF(OR(AND(S26="APAC",K26>5000),AND(S26="EU",K26>6000),AND(S26="US",K26>7000)),1,0) -> 0 | K26: =L26*VLOOKUP(M26,exchange_rates!$B$2:$C$4,2,FALSE) -> 3024 | L26: 2800 | M26: EUR | N26: =PROPER(TRIM(O26)) -> Captured | O26: captured | P26: =IF(OR(Q26>=70,ISNUMBER(SEARCH("chargeback",N26))),1,0) -> 0 | Q26: =IF(TRIM(R26)="","INVALID_OR_MISSING",VALUE(SUBSTITUTE(SUBSTITUTE(SUBSTITUTE(R26,"score:",""),"risk-",""),"risk:",""))) -> 38 | R26: 38 | S26: =IF(TRIM(T26)="","INVALID_OR_MISSING",UPPER(TRIM(T26))) -> EU | T26: eu | U26: U005 | V26: Wallet
A27: T026 | B27: =TEXT(C27,"dd-mm-yyyy") -> 05-03-2026 | C27: 46086 | D27: =VLOOKUP(E27,merchant_master!$B$2:$E$6,2,FALSE) -> Nina Weber | E27: =PROPER(TRIM(F27)) -> Eco Home | F27: Eco Home | G27: {=INDEX(merchant_master!$A$2:$A$6,MATCH(E27,merchant_master!$B$2:$B$6,0))} -> M005 | H27: =VLOOKUP(E27,merchant_master!$B$2:$E$6,3,FALSE) -> Home | I27: =VLOOKUP(E27,merchant_master!$B$2:$E$6,4,FALSE) -> EU | J27: =IF(OR(AND(S27="APAC",K27>5000),AND(S27="EU",K27>6000),AND(S27="US",K27>7000)),1,0) -> 0 | K27: =L27*VLOOKUP(M27,exchange_rates!$B$2:$C$4,2,FALSE) -> 3564 | L27: 3300 | M27: EUR | N27: =PROPER(TRIM(O27)) -> Failed E05 Timeout | O27: Failed E05 Timeout | P27: =IF(OR(Q27>=70,ISNUMBER(SEARCH("chargeback",N27))),1,0) -> 0 | Q27: =IF(TRIM(R27)="","INVALID_OR_MISSING",VALUE(SUBSTITUTE(SUBSTITUTE(SUBSTITUTE(R27,"score:",""),"risk-",""),"risk:",""))) -> 44 | R27: 44 | S27: =IF(TRIM(T27)="","INVALID_OR_MISSING",UPPER(TRIM(T27))) -> EU | T27: EU | U27: U006 | V27: NetBanking
A28: T027 | B28: =TEXT(C28,"dd-mm-yyyy") -> 01-03-2026 | C28: 46082 | D28: =VLOOKUP(E28,merchant_master!$B$2:$E$6,2,FALSE) -> Marcus Lee | E28: =PROPER(TRIM(F28)) -> Delta Travels | F28: DELTA TRAVELS | G28: {=INDEX(merchant_master!$A$2:$A$6,MATCH(E28,merchant_master!$B$2:$B$6,0))} -> M004 | H28: =VLOOKUP(E28,merchant_master!$B$2:$E$6,3,FALSE) -> Travel | I28: =VLOOKUP(E28,merchant_master!$B$2:$E$6,4,FALSE) -> US | J28: =IF(OR(AND(S28="APAC",K28>5000),AND(S28="EU",K28>6000),AND(S28="US",K28>7000)),1,0) -> 1 | K28: =L28*VLOOKUP(M28,exchange_rates!$B$2:$C$4,2,FALSE) -> 7200 | L28: 7200 | M28: USD | N28: =PROPER(TRIM(O28)) -> Captured | O28: captured | P28: =IF(OR(Q28>=70,ISNUMBER(SEARCH("chargeback",N28))),1,0) -> 0 | Q28: =IF(TRIM(R28)="","INVALID_OR_MISSING",VALUE(SUBSTITUTE(SUBSTITUTE(SUBSTITUTE(R28,"score:",""),"risk-",""),"risk:",""))) -> 49 | R28: 49 | S28: =IF(TRIM(T28)="","INVALID_OR_MISSING",UPPER(TRIM(T28))) -> US | T28: us | U28: U007 | V28: Card
A29: T028 | B29: =TEXT(C29,"dd-mm-yyyy") -> 02-03-2026 | C29: 46083 | D29: =VLOOKUP(E29,merchant_master!$B$2:$E$6,2,FALSE) -> Marcus Lee | E29: =PROPER(TRIM(F29)) -> Delta Travels | F29: Delta Travels | G29: {=INDEX(merchant_master!$A$2:$A$6,MATCH(E29,merchant_master!$B$2:$B$6,0))} -> M004 | H29: =VLOOKUP(E29,merchant_master!$B$2:$E$6,3,FALSE) -> Travel | I29: =VLOOKUP(E29,merchant_master!$B$2:$E$6,4,FALSE) -> US | J29: =IF(OR(AND(S29="APAC",K29>5000),AND(S29="EU",K29>6000),AND(S29="US",K29>7000)),1,0) -> 0 | K29: =L29*VLOOKUP(M29,exchange_rates!$B$2:$C$4,2,FALSE) -> 3100 | L29: 3100 | M29: USD | N29: =PROPER(TRIM(O29)) -> Captured | O29: CAPTURED | P29: =IF(OR(Q29>=70,ISNUMBER(SEARCH("chargeback",N29))),1,0) -> 0 | Q29: =IF(TRIM(R29)="","INVALID_OR_MISSING",VALUE(SUBSTITUTE(SUBSTITUTE(SUBSTITUTE(R29,"score:",""),"risk-",""),"risk:",""))) -> 41 | R29: risk-41 | S29: =IF(TRIM(T29)="","INVALID_OR_MISSING",UPPER(TRIM(T29))) -> US | T29: US | U29: U008 | V29: Card
A30: T029 | B30: =TEXT(C30,"dd-mm-yyyy") -> 04-03-2026 | C30: 46085 | D30: =VLOOKUP(E30,merchant_master!$B$2:$E$6,2,FALSE) -> Marcus Lee | E30: =PROPER(TRIM(F30)) -> Delta Travels | F30: delta travels | G30: {=INDEX(merchant_master!$A$2:$A$6,MATCH(E30,merchant_master!$B$2:$B$6,0))} -> M004 | H30: =VLOOKUP(E30,merchant_master!$B$2:$E$6,3,FALSE) -> Travel | I30: =VLOOKUP(E30,merchant_master!$B$2:$E$6,4,FALSE) -> US | J30: =IF(OR(AND(S30="APAC",K30>5000),AND(S30="EU",K30>6000),AND(S30="US",K30>7000)),1,0) -> 0 | K30: =L30*VLOOKUP(M30,exchange_rates!$B$2:$C$4,2,FALSE) -> 2500 | L30: 2500 | M30: USD | N30: =PROPER(TRIM(O30)) -> Chargeback | O30: chargeback | P30: =IF(OR(Q30>=70,ISNUMBER(SEARCH("chargeback",N30))),1,0) -> 1 | Q30: =IF(TRIM(R30)="","INVALID_OR_MISSING",VALUE(SUBSTITUTE(SUBSTITUTE(SUBSTITUTE(R30,"score:",""),"risk-",""),"risk:",""))) -> 58 | R30: score:58 | S30: =IF(TRIM(T30)="","INVALID_OR_MISSING",UPPER(TRIM(T30))) -> US | T30: US | U30: U009 | V30: Wallet
A31: T030 | B31: =TEXT(C31,"dd-mm-yyyy") -> 06-03-2026 | C31: 46087 | D31: =VLOOKUP(E31,merchant_master!$B$2:$E$6,2,FALSE) -> Marcus Lee | E31: =PROPER(TRIM(F31)) -> Delta Travels | F31: DELTA TRAVELS | G31: {=INDEX(merchant_master!$A$2:$A$6,MATCH(E31,merchant_master!$B$2:$B$6,0))} -> M004 | H31: =VLOOKUP(E31,merchant_master!$B$2:$E$6,3,FALSE) -> Travel | I31: =VLOOKUP(E31,merchant_master!$B$2:$E$6,4,FALSE) -> US | J31: =IF(OR(AND(S31="APAC",K31>5000),AND(S31="EU",K31>6000),AND(S31="US",K31>7000)),1,0) -> 0 | K31: =L31*VLOOKUP(M31,exchange_rates!$B$2:$C$4,2,FALSE) -> 1800 | L31: 1800 | M31: USD | N31: =PROPER(TRIM(O31)) -> Failed E05 Timeout | O31: Failed E05 Timeout | P31: =IF(OR(Q31>=70,ISNUMBER(SEARCH("chargeback",N31))),1,0) -> 0 | Q31: =IF(TRIM(R31)="","INVALID_OR_MISSING",VALUE(SUBSTITUTE(SUBSTITUTE(SUBSTITUTE(R31,"score:",""),"risk-",""),"risk:",""))) -> 47 | R31: score:47 | S31: =IF(TRIM(T31)="","INVALID_OR_MISSING",UPPER(TRIM(T31))) -> US | T31: US | U31: U010 | V31: UPI

Sheet exchange_rates
A1: rate_date | B1: currency | C1: usd_rate
A2: 46082 | B2: INR | C2: 0.0119
A3: 46082 | B3: EUR | C3: 1.08
A4: 46082 | B4: USD | C4: 1
A5: 46083 | B5: INR | C5: 0.012
A6: 46083 | B6: EUR | C6: 1.09
A7: 46083 | B7: USD | C7: 1
A8: 46084 | B8: INR | C8: 0.0121
A9: 46084 | B9: EUR | C9: 1.08
A10: 46084 | B10: USD | C10: 1
A11: 46085 | B11: INR | C11: 0.012
A12: 46085 | B12: EUR | C12: 1.07
A13: 46085 | B13: USD | C13: 1
... A19: 46087 | B19: USD | C19: 1

Sheet merchant_master
A1: merchant_id | B1: merchant_name | C1: account_manager | D1: merchant_category | E1: default_region
A2: M001 | B2: Alpha Mart | C2: Aisha Khan | D2: Grocery | E2: APAC
A3: M002 | B3: Beta Stores | C3: Rohan Mehta | D3: Electronics | E3: APAC
A4: M003 | B4: City Pharma | C4: Elena Rossi | D4: Healthcare | E4: EU
A5: M004 | B5: Delta Travels | C5: Marcus Lee | D5: Travel | E5: US
A6: M005 | B6: Eco Home | C6: Nina Weber | D6: Home | E6: EU
